Valor;Titulo;Quilometragem;Cambio;Combustivel;Localizacao
R$ 9.500;Pálio weekend 98 motor 1.5;258.600;km;Gasolina;São Paulo, Sítio do Piqueri
R$ 46.000;Ford fiesta titanium 2017 automático ;50.000;km;Flex;São Paulo, Alto da Mooca
R$ 10.900;Clio expression 2008 completo;145.000;km;Flex;São Bernardo do Campo, Centro
R$ 17.000;Honda fit;170;km;Gasolina;São Paulo, Jardim Elisa Maria
R$ 45.900;Honda CRV;117.100;km;Flex;São Paulo, Vila Clementino
R$ 32.000;Gol Comfortline 1.6 MSI ;94.000;km;Flex;São Paulo, Vila Monumento
R$ 22.000;Fox trend 2011;105.550;km;Flex;Guarulhos, Residencial e Comercial Guarulhos
R$ 18.500;Corsa Hatch Premium 09 1.4 completo;170;km;Flex;Ferraz de Vasconcelos, Vila Correa
R$ 19.900;Fiat Marea HLX 2.0 20V 49 mil km originais;49.000;km;Gasolina;São Caetano do Sul, Nova Gerty
R$ 13.900;Fiat palio elx 1.4 2008 4pts;101.000;km;Flex;São Paulo, Vila Mariana
R$ 71.500;Nissan Kicks 2017/2018;39.000;km;Flex;São Paulo, Paraíso
R$ 11.000;Gol G3 lindao vem nele kd os corsas pro rolo;120.000;km;Gasolina;São Paulo, Vila Medeiros
R$ 139.990;Porsche Cayenne ano 12/12 S 4x4 V6 3.6 24V de garagem só 70mil km rodado;72.000;km;Gasolina;Santana de Parnaíba, Tamboré
R$ 24.500;Vendo ou troco tucson impecável ;135.000;km;Gasolina;São Paulo, Vila Regente Feijó
R$ 20.000;Prisma 08 1.4 maxx flex;12.345.678;km;Flex;São Paulo, Parque Savoy City
R$ 19.900;Classic 2012;104.000;km;Flex;Itatiba, Jardim da Luz
R$ 16.890;Citroën C3 GLX 1.4 8V (flex) 2008;85.000;km;Flex;São Paulo, Vila Graciosa
R$ 12.000;Passar 98 1.8 aspirado ! ;194.000;km;Gasolina;São Paulo, Cidade Nova Heliópolis
R$ 53.900;Sentra SV 2017 - Impecável;73.000;km;Flex;São Paulo, Vila Gomes Cardim
R$ 13.000;Fox 2005 ;17.500;km;Flex;Diadema, Vila Nogueira
R$ 17.000;Troco polo sedan 2005 completo completo com rodas aro 17;118.000;km;Gasolina;Cajamar, Ipês (Polvilho)
R$ 28.500;Peugeot 2008 Active 1.5 2014 completo ;91.000;km;Flex;São Caetano do Sul, Santo Antônio
R$ 37.900;COBALT 2014/2015 1.8 MPFI LTZ 8V FLEX 4P AUTOMÁTICO;95.000;km;Flex;São Paulo, Ipiranga
R$ 21.999;Honda Fit Lx 2004 Automático Completo;98.000;km;Gasolina;São Paulo, Imirim
R$ 96.990;T-Cross Comfortline lindaa;12.000;km;Flex;Barueri, Alphaville Residencial Dois
R$ 68.990;Argo HGT 1.8 automático 10x no cartão de crédito;0;km;Flex;São Paulo, Imirim
R$ 247.000;Hilux sw4 2018 srx ;3.200;km;Diesel;Santana de Parnaíba, Alphaville
R$ 23.000;Corrola;62.000;km;Gasolina;São Paulo, Jardim São Jorge (Raposo Tavares)
R$ 54.499;Honda city 1,5 lx 2016 único dono lindo 54,499;63.500;km;Flex;São Paulo, São Miguel Paulista
R$ 40.500;SANDERO 2019/2020 1.0 12V SCE FLEX EXPRESSION MANUAL;40.044;km;Flex;São Paulo, Saúde
R$ 33.000;Sandero novíssimo;40.900;km;Manual;São Paulo, Jardim Íris
R$ 15.900;"Classic LS 1.0 VHC-E ""Flexpower""";55.000;km;Flex;Santo André, Vila Alto de Santo André
R$ 69.800;Vw / jetta 1.4 16v tsi / 2017;68.059;km;Flex;São Paulo, Santana
R$ 39.900;Honda Civic Lxl 2011;132.846;km;Flex;Osasco, Piratininga
R$ 84.990;MINI COOPER S ROADSTER 1.6 Turbo 184 CV  Steptrônic de 6 Marchas John Cooper Works 11/12;66.600;km;Gasolina;São Paulo, Perdizes
R$ 27.900;Chevrolet Montana Sport 1.4 2010 Segundo Dono;118.000;km;Flex;São Caetano do Sul, Nova Gerty
R$ 48.100;Logan Zen 1.6 2020;38.000;km;Flex;São Paulo, Vila Califórnia
R$ 15.000;Corsa Maxx 1.0 completo ;124.000;km;Flex;São Paulo, Vila Jaraguá
R$ 15.800;Clio 1.0 Campus Flex 4pts direção hidráulica com 44000km 2012! Novinho!;44.000;km;Flex;São Paulo, Vila Clementino
R$ 59.990;Audi A4 2009 Oferta;58.000;km;Gasolina;Santo André, Vila Alto de Santo André
R$ 45.000;BMW 325 Ci Coupê com kit M3 modelo raríssimo;153.000;km;Gasolina;São Paulo, Bela Vista
R$ 46.800;Cruze LT 1.8 16V Automático Top de Linha com Apenas 34.000 Quilômetros;34.000;km;Flex;Carapicuíba, Vila Lourdes
R$ 14.900;C3 GLX 1.4 Flex 2007 Completo;120.000;km;Flex;São Bernardo do Campo, Centro
R$ 43.900;FORD KA 2019/2019 1.0 TI-VCT FLEX SE SEDAN MANUAL;42.532;km;Flex;São Paulo, Vila Marieta
R$ 30.000;Volkswagen Bora 2001 Mecanico;205.000;km;Gasolina;São Caetano do Sul, Nova Gerty
R$ 51.000;Vendo Hb20S 2017 Premium;55.800;km;Flex;Diadema, Serraria
R$ 17.500;PARATI TURBO TOP DEMAIS !!!! ZERADA;1;km;km;São Paulo, Jardim Norma
R$ 26.990;Citroen C3 1.5 origine 8v flex 4p manual;63.000;km;Flex;São Paulo, Jabaquara
R$ 66.990;Renault Captur 1.6 16v Sce Intense;33.537;km;Flex;São Paulo, Mirandópolis
R$ 26.990;Citroen C3 1.5 origine 8v flex 4p manual;63.000;km;Flex;São Paulo, Jabaquara
R$ 66.990;Renault Captur 1.6 16v Sce Intense;33.537;km;Flex;São Paulo, Mirandópolis
R$ 16.999;Parati bola 1.6 turbo ;128.000;km;Álcool;Embu das Artes, Jardim do Colégio
R$ 20.500;Fiat Strada CE 1.4 fire;120.000;km;Flex;São Paulo, Vila Amália (Zona Norte)
R$ 16.800;Celta Spirit 2011 4 portas ;170.000;km;Flex;São Paulo, União de Vila Nova
R$ 115.900;Jeep Compass Longitude 2.0 4x2 flex 16 v aut;41.220;km;Flex;São Paulo, Jardim Maristela
R$ 54.900;Vendo ou troco tracker ltz 2015 - urgente;44.000;km;Flex;Caieiras, Serpa
R$ 33.000;HB20 hatch 14/14 1.0;57.000;km;Flex;São Paulo, Vila Santo Estevão
R$ 44.700;Renault Sandero Stepway 1.6 Prata 2019;32.000;km;Flex;São Bernardo do Campo, Rudge Ramos
R$ 104.290;Renault Captur 1.6 16v Sce Intense;0;km;Flex;São Bernardo do Campo, Assunção
R$ 23.000;Vendo troco ;145.000;km;Flex;São Paulo, Cambuci
R$ 43.500;PRISMA 2019/2019 1.0 MPFI JOY 8V FLEX 4P MANUAL;57.215;km;Flex;Guarulhos, Macedo
R$ 12.900;Corsa classic life 2008 1.0 flex;144.680;km;Flex;Mauá, Parque das Américas
R$ 55.000;Civic EXR 2016 c teto;54.000;km;Flex;São Paulo, Fazenda da Juta
R$ 49.999;Elantra Hyundai 1.8 mais top da categoria;94.000;km;Gasolina;São Paulo, Vila Formosa
R$ 34.000;Hyundai HB20 1.6 Premium 2014 Segundo Dono;120;km;Flex;São Caetano do Sul, Nova Gerty
R$ 35.000;Captiva 2012 AWD V6 3.0 4X4 ;100.000;km;Gasolina;Arujá, Arujá Country Club
R$ 25.000;Cobalt 2012 LTZ 1.4 completo;160.000;km;Flex;São Paulo, Jardim Maria Duarte
R$ 7.500;Vectra 98 2.0 8.v ;200.000;km;Gasolina;São Paulo, Jardim Novo Horizonte
R$ 13.990;Renault Clio 1.0 16v Flex Financiamos Sem Entrada e Trocamos Excelente Estado;78.000;km;Flex;São Paulo, São Miguel Paulista
R$ 15.500;Honda Civic 2002 15.500,00;185.000;km;Gasolina;Taboão da Serra, Parque Monte Alegre
R$ 60.900;Hyundai IX35 2.0 flex automático completo 2015;135.000;km;Flex;Bragança Paulista, Matadouro
R$ 38.000;Sprinter 2006 completa ar gelando;347;km;Diesel;Diadema, Campanário
R$ 46.990;Grand Siena 1.0 0km - Preço NF de Fábrica;0;km;Flex;São Paulo, Santana
R$ 6.500;Gol g4;218;km;Flex;Itapecerica da Serra, Centro
R$ 102.990;Compass Limited nova baixa km;37.000;km;Flex;São Paulo, Ipiranga
R$ 14.500;Corsa 1.6 2004 Automatico;122.500;km;Gasolina;Santo André, Vila Pires
R$ 50.000;POLO 2019/2020 1.0 MPI TOTAL FLEX MANUAL;24.028;km;Flex;Mogi das Cruzes, Vila Lavínia
R$ 25.000;New fit 09 pra vender logo;155.000;km;Flex;São Paulo, Vila Guedes
R$ 34.000;Fox Trendline 1.0 12V Completo 2016;61.500;km;Flex;Santo André, Centro
R$ 26.800;Pálio actrative 1.4 2013;110;km;Flex;Osasco, Ayrosa
R$ 84.990;Hyundai Ix35 2.0 Mpfi 16v;34.483;km;Flex;São Paulo, Perdizes
R$ 57.900;Jeep Renegade Sport 1.8 (Aut) (Flex) 2016;63.000;km;Flex;São Paulo, Jardim Brasil (Zona Norte)
R$ 19.000;FIAT IDEIA ADVENTURE 1.8 LOCKER;149.000;km;Flex;Francisco Morato, Parque Cento e Vinte
R$ 15.000;Meriva;10.000;km;Flex;Osasco, Três Montanhas
R$ 14.990;Pickup Corsa 1.6 95 preta banco de couro capota marítima ;202.000;km;Gasolina;São Paulo, Vila Mangalot
R$ 14.000;Venda de veículo;130.000;km;Gasolina;São Paulo, Vila Amélia
R$ 5.000;Gol Quadrado ;8.000;km;Gasolina;Itapevi, Jardim Ruth
R$ 68.000;VAN ESCOLAR COM CRM URGENTE;144.000;km;Diesel;São Paulo, Parque Císper
R$ 7.500;Ford ka gl 2002;1;km;Gasolina;São Paulo, Vila Nova Curuçá
R$ 70.000;Fiat Ducato maxi cargo ano 2014 valor 70.000.00;104.000;km;Diesel;São Paulo, Parque São Domingos
R$ 21.900;Sentra S 2.0 Mec 2008 Completo;146.000;km;Gasolina;Mauá, Matriz
R$ 21.900;Honda Civic LXL 2005 !!! Cambio Automático !!!;175.000;km;Gasolina;Santo André, Parque Capuava
R$ 16.500;FIAT PALIO 2007/2007 1.4 MPI ELX 8V FLEX 4P MANUAL;149.000;km;Flex;Diadema, Centro
R$ 26.000;Vw Fox 1.6 2013 Completo Segundo Dono;111;km;Flex;São Caetano do Sul, Nova Gerty
R$ 12.500;PEUGEOT 207 XR sport 1.4 flex COMPLETO;1;km;Flex;São Paulo, Vila Nova Curuçá
R$ 26.990;CHERY QQ QQ 1.0 LOOK FL 12V/1.0 12V FLEX 5P;40.601;km;Flex;São Paulo, Vila Moinho Velho
R$ 39.890;Volkswagen Fox Comfortline I Motion 1.6 Flex 8V 5p;52.043;km;Gasolina;São Paulo, Pinheiros
R$ 129.000;BMW M M 135I 3.0 24V 320CV;40.269;km;Gasolina;São Paulo, Vila Moinho Velho
R$ 27.900;Punto TOP 2013;0;km;Flex;São Paulo, Jardim Belém
R$ 129.000;BMW M M 135I 3.0 24V 320CV;40.269;km;Gasolina;São Paulo, Vila Moinho Velho
R$ 27.900;Punto TOP 2013;0;km;Flex;São Paulo, Jardim Belém
R$ 23.999;Uno vivace italia 1.0 2013 completo;79.800;km;Flex;São Paulo, Imirim
R$ 42.900;FORD KA 2018/2019 1.0 TI-VCT FLEX SE SEDAN MANUAL;40.163;km;Flex;São Caetano do Sul, Santo Antônio
R$ 29.500;Nissan Sentra 2012 S Automático - Muito novo;108.000;km;Flex;Santo André, Vila Francisco Matarazzo
R$ 52.500;Renaut Duster 1.6  ano 2017;65.000;km;Flex;Mauá, Jardim Columbia
R$ 79.250;Creta Prestige 2018 2.0;49.500;km;Flex;Mogi das Cruzes, Vila Brasileira
R$ 42.900;UP 2015/2016 1.0 TSI MOVE UP 12V FLEX 4P MANUAL;62.000;km;Flex;São Paulo, Vila Regente Feijó
R$ 19.000;Gol G5 flex completo 2013;160;km;Flex;Guarulhos, Vila Nova Bonsucesso
R$ 60.000;Fiat Cronos Precision 1.8 em perfeito estado;22.500;km;Flex;Santo André, Parque Marajoara
R$ 110.000;Veiculo;97.559;km;Flex;São Paulo, Itaim Paulista
R$ 90.900;BMW 120i 120IA SPORT 2.0/ACTIVEFLEX 16V AUT. FLEX AUTOMÁTIC;57.345;km;Flex;Osasco, Vila Osasco
R$ 21.900;Ford EcoSport Ecosport XLS 1.6 (Flex) FLEX MANUAL;170;km;Flex;Osasco, km 18
R$ 38.990;Sandero expression 1.0 12v 2020;37.000;km;Flex;São Paulo, Jardim Danfer
R$ 31.900;Ford Ecosport 1.6 freestyle 8v flex 4p manual;92.290;km;Flex;São Paulo, Instituto de Previdência
R$ 18.000;Vende-se SpaceFox 1.6 8v 2007 2008;122;km;Flex;Carapicuíba, Alto de Santa Lúcia
R$ 10.500;Palio fire 1.0 2005;1;km;Gasolina;São Paulo, Vila Nova Curuçá
R$ 27.900;Fox PRIME Hghi. IMOTION 1.6 T.Flex 8V 5p;113.250;km;Flex;Jundiaí, Anhangabaú
R$ 27.500;Meriva Joy 1.4 MPFI 8V ECONOFLEX 5p;112.968;km;Flex;Jundiaí, Anhangabaú
R$ 76.900;Chevrolet Tracker 1.4 16v turbo flex premier automático;40.467;km;Flex;São Paulo, Instituto de Previdência
R$ 97.590;Volkswagen T-cross 1.0 200 tsi total flex comfortline automático;12.537;km;Flex;São Bernardo do Campo, Centro
R$ 50.190;Volkswagen Voyage 1.6 msi totalflex 4p manual;23.000;km;Flex;Jundiaí, Vila Virgínia
R$ 59.000;Honda Civic Lxs 2016 automático;73.000;km;Flex;São Paulo, Vila Império
R$ 17.990;GM - Chevrolet Meriva 1.4 Flex Joy Completa + Ar + Direcao + Banco de couro;165.000;km;Flex;São Bernardo do Campo, Centro
R$ 55.000;Focus Fastback Se At 2.0 4p 2018 -;34.000;km;Flex;Mauá, Matriz
R$ 71.990;Chevrolet Spin 1.8 ltz 8v flex 4p automático;31.290;km;Flex;São Bernardo do Campo, Centro
R$ 15.990;Xsara Picasso 10 1.6 flex completa;123.000;km;Flex;São Paulo, Jardim Prudência
R$ 43.990;VW VOYAGE 2020 1.0 Total Flex;28.000;km;Flex;São Paulo, Vila Guilherme
R$ 25.000;Brasilia Ls 1.6 a Gasolina ano 1979;93.192;km;Gasolina;São Paulo, Vila Norma
R$ 5.800;Gol bola 97 motor at 1.0 ;0;km;Gasolina;São Paulo, Jardim Prudência
R$ 29.900;FIT 2010 LX MANUAL  COMPLETO FINANCIO ATE 60X SEM ENTRADA  ;140;km;Flex;São Paulo, Vila Regente Feijó
R$ 46.990;LOGAN 2019/2020 1.0 12V SCE FLEX ZEN MANUAL;38.032;km;Flex;São Paulo, Saúde
R$ 55.800;Ford Fusion 2.5 Flex - Ano 2014 - Bem Conservado - Financiamento Fácil;93.037;km;Flex;São Bernardo do Campo, Centro
R$ 46.900;FIAT ARGO 2019/2020 1.0 FIREFLY FLEX DRIVE MANUAL;50.305;km;Flex;São Paulo, Saúde
R$ 31.900;Volkswagen Voyage;101.000;km;Flex;Carapicuíba, Centro
R$ 23.000;Siena EL 1.0 8v completo;155.000;km;Flex;São Paulo, Vila Primavera
R$ 67.500;Creta 2018 apenas 10 mil km;10.500;km;Automático;São Paulo, Jardim Maracanã
R$ 39.800;Fiat Idea Adventure 1.8 Flex - ANo 2015 - Baixo Km - Financiamento Fácil;31.893;km;Flex;São Bernardo do Campo, Centro
R$ 12.990;Ford focus hatch 1.8 manual( ano 2003 )completo;106.653;km;Gasolina;São Paulo, Vila Matilde
R$ 29.000;Mercedes B200 - 2.0 - Impecável!;81.000;km;Gasolina;São Caetano do Sul, Jardim São Caetano
R$ 16.500;Pra vender já!!! R$16.500;140.000;km;Gasolina;São Paulo, Jardim Paulista
R$ 43.990;[Blindado] Volkswagen Passat 2.0 FSI Comfortline 16V Turbo Gasolina 4P TipTronic 3330;109.000;km;Gasolina;São Paulo, Chácara Santo Antônio (Zona Sul)
R$ 24.801;Chevrolet Classic Ls 1.0 Flex - Ano 2015 - com Ar Condicionado - Bem Conservado;55.001;km;Flex;São Bernardo do Campo, Centro
R$ 43.990;Volkswagen Gol 1.0 12v Mpi Totalflex;0;km;Flex;Itu, Liberdade
R$ 35.900;Vw Tiguan 2010 tsi 2.0 + baixa km + blindada + muito nova!;69.000;km;Gasolina;São Paulo, Sumaré
R$ 40.890;Renault Logan 1.0 12v sce flex authentique manual;36.537;km;Flex;São Paulo, Itaim Paulista
R$ 37.900;Ford Ka Se 1.5 Sedan 2018;84.000;km;Flex;São Paulo, Penha de França
R$ 56.790;CITROEN C4 LOUNGE 1.6 THP ORIGINE BUSINESS BVA;54.000;km;Flex;Santo André, Tamanduateí 8
R$ 55.000;VENDO OU TROCO GRAN CHEROKEE 2012 (13 MIL ABAIXO DA FIPE);43.000;km;km;São Paulo, Jaçanã
R$ 46.900;FIAT ARGO 2019/2019 1.0 FIREFLY FLEX DRIVE MANUAL;43.366;km;Flex;São Paulo, Jardim Três Marias
R$ 33.900;Ônix Lt;11.111.111;km;Flex;Jundiaí, Vila Virgínia
R$ 46.900;FIAT ARGO 2019/2020 1.0 FIREFLY FLEX DRIVE MANUAL;40.560;km;Flex;São Paulo, Jardim Três Marias
R$ 4.500;Carro;1.111.111;km;Natural;Osasco, Bandeiras
R$ 27.000;Corolla fielder 06;265.000;km;Gasolina;Santo André, Jardim Alvorada
R$ 35.990;CHEVROLET COBALT LT 1.4 8V FLEXPOWER/ECONOFLEX 4P FLEX 2014;68.000;km;Flex;São Bernardo do Campo, Rudge Ramos
R$ 36.490;Ford Ka 1.5 2018 Financiamento Total com Documentos Grátis!!!;69.850;km;Flex;São Bernardo do Campo, Centro
R$ 62.790;HYUNDAI HB20S 1.6 COMFORT PLUS 16V;22.134;km;Flex;São Paulo, Vila Gea
R$ 44.900;FIAT ARGO 2019/2019 1.0 FIREFLY FLEX DRIVE MANUAL;42.012;km;Flex;São Paulo, Vila Almeida
R$ 75.790;RENAULT CAPTUR 1.6 16V SCE INTENSE;28.858;km;Flex;Santo André, Tamanduateí 8
R$ 43.500;ONIX 2019/2019 1.0 MPFI LT 8V FLEX 4P MANUAL;53.401;km;Flex;São Paulo, Jardim Três Marias
R$ 15.990;FIAT PALIO 1.0/ TROFEO 1.0 FIRE/ FIRE FLEX 4P FLEX 2006;94.000;km;Flex;São Bernardo do Campo, Rudge Ramos
R$ 72.791;NISSAN SENTRA 2.0 S 16V;12.703;km;Flex;São Paulo, Vila Gea
R$ 36.900;Pajero HPE Aut. 4x4 2008;90.000;km;Gasolina;São Paulo, Perdizes
R$ 81.790;NISSAN KICKS 1.6 16V FLEXSTART S;20.000;km;Flex;Santo André, Tamanduateí 8
R$ 33.900;Aircross automático;90.000;km;Flex;Santo André, Jardim
R$ 43.500;LOGAN 2019/2020 1.0 12V SCE FLEX EXPRESSION MANUAL;45.605;km;Flex;São Paulo, Vila Almeida
R$ 57.000;SPIN LTZ 1.8 Flex 7 lugares Automatico Multimídia Carro sem detalhe ;57.000;km;Flex;Jundiaí, Vila Liberdade
R$ 39.900;Venda Doblò 2014;64.200;km;Flex;São Paulo, Jardim Sydney
R$ 41.000;HB20 1.0 Comfort 2018/2018 apenas 25.000km Único dono;25.000;km;Flex;São Paulo, Cerqueira César
R$ 40.500;SANDERO 2019/2020 1.0 12V SCE FLEX EXPRESSION MANUAL;40.825;km;Flex;São Paulo, Vila Almeida
R$ 74.900;Hyundai I X 35 2017;46.000;km;Flex;São Paulo, Vila Romana
R$ 13.990;Palio fire 1.0 - 2003 - 2º dono - tá novinho !!;206.700;km;Gasolina;São Paulo, Jardim Helena
R$ 74.990;VOLKSWAGEN TIGUAN 2.0 TSI 16V TURBO GASOLINA 4P TIPTRONIC;94.000;km;Gasolina;Santo André, Jardim Alzira Franco
R$ 18.900;Renault Logan Expression 1.6 Flex 2009 - Completo;135;km;Flex;Carapicuíba, Vila Silviânia
R$ 51.300;FOCUS 2017/2018 2.0 SE FASTBACK 16V FLEX 4P POWERSHIFT;61.145;km;Flex;São Paulo, Vila Sônia
R$ 70.900;NISSAN KICKS 1.6 16V FLEXSTART SL 4P XTRONIC.;55.733;km;Flex;São Paulo, Jardim Avelino
R$ 44.500;GOL 2019/2020 1.6 MSI TOTALFLEX 4P MANUAL;38.065;km;Flex;São Paulo, Vila Sônia
R$ 119.990;Mercedes-Benz C-200 Avantgarde 2016 49.000Kms;49.000;km;Gasolina;Santo André, Centro
R$ 73.750;Spin Premier 2020 Automática 7Lug. Completa top!!;1;km;Flex;São Paulo, Vila Carrão
R$ 56.990;Lindo Gm Chevrolet Onix 1.4 Activ Automático Único Dono;16.000;km;Flex;Santo André, Santa Maria
R$ 98.790;JEEP COMPASS 2.0 16V LONGITUDE 2018;32.433;km;Flex;São Paulo, Vila Gea
R$ 32.000;Mitsubishi Pajero Sport 3.5 200cv Automática 4x4;109.500;km;Gasolina;Cajamar, Ipês (Polvilho)
R$ 36.936;Chevrolet Captiva 2.4 Sfi Ecotec Fwd 16v;127.910;km;Gasolina;São Paulo, Santo Amaro
R$ 42.900;Prisma Joy 2019;41.990;km;Flex;Mogi das Cruzes, Jardim Avenida
R$ 129.900;Honda Civic Touring 2020 1.5 Turbo 173cv ;9.400;km;Gasolina;São Paulo, Brooklin Paulista
R$ 33.900;Logan Expression 1.6 2016 completo;68.000;km;Flex;São Caetano do Sul, Santa Maria
R$ 39.900;Honda Fit 1.4 lx 16v;110.000;km;Flex;Jundiaí, Jardim Pitangueiras II
R$ 61.900;VERSA 2018/2019 1.6 16V FLEXSTART SL 4P XTRONIC;36.687;km;Flex;São Paulo, Vila Almeida
R$ 387.000;Chevrolet Camaro 6.2 v8 ss;1;km;Gasolina;Jundiaí, Jardim Pitangueiras II
R$ 19.000;Peugeot Passion 1.4 Sport 8V 2011;98.000;km;Flex;São Paulo, Cidade Patriarca
R$ 26.500;Toyota Filder 06 Blindada, muito nova;109.000;km;Gasolina;São Paulo, Campos Elíseos
R$ 51.990;Jac t40 1.5 jetflex 2018 mais 2 anos de garantia de fabrica;32.000;km;Flex;São Bernardo do Campo, Vila Euclides
R$ 49.990;Chevrolet Prisma 1.4 LT Ano 2018;49.700;km;Flex;São Paulo, Penha de França
R$ 66.300;2008 allure 1.6 flex automático 2019/20;28.089;km;km;Guarulhos, Ponte Grande
R$ 99.990;Volkswagen Golf 1.4 Highline Ano 2018;42.000;km;Flex;São Paulo, Penha de França
R$ 10.000;Corsa Classic Life;176.000;km;Álcool;Mauá, Jardim Primavera
R$ 36.890;FORD KA + 2017/2017 1.0 TI-VCT FLEX SE MANUAL;34.000;km;Flex;São Paulo, Jardim Maringá
R$ 45.900;Ford/ New Fiesta Hatch SE 2017 Top;39.000;km;Flex;São Paulo, Vila Nancy
R$ 23.900;Fiat Idea 2013 completa não é palio duster meriva aircross c3 Fox agile ônix hb20 ;120.500;km;Flex;São Paulo, Parque São Rafael
R$ 76.990;CRUZE 2018/2019 1.4 TURBO LT 16V FLEX 4P AUTOMÁTICO;31.000;km;Flex;São Paulo, Vila Guilherme
R$ 26.900;Fiat bravo essence 1.8 preto completo 2012 manual;128.000;km;Flex;São Paulo, Perdizes
R$ 13.900;Caoa Chery Face 1.3 Completo 2012;104.100;km;Gasolina;São Paulo, Vila Marieta
R$ 13.900;Celta 1.4 ar condicionado direção vidros e trava elétrico;168;km;Gasolina;São Paulo, Jardim Estrela D'alva
R$ 41.590;Ford Ka 1.5 se 16v flex 4p manual;55.000;km;Flex;São Paulo, Vila Norma
R$ 35.900;VOLKSWAGEN TL Ano 1971;112.000;km;Gasolina;São Paulo, Vila Santo Estéfano
R$ 10.500;Celta 2004 quatro portas;170.000;km;Gasolina;São Paulo, Jardim Mônica
R$ 38.500;Fiat linea 1.8 essense duologic  2016;60.000;km;Flex;Suzano, Jardim Suzanópolis
R$ 19.800;Ford Focus 1.6 glx sedan 8v flex 4p manual;123.198;km;Flex;São Bernardo do Campo, Centro
R$ 27.900;Volkswagen Saveiro 1.6 mi City cs 8v G.iv;309.974;km;Flex;Osasco, Santo Antônio
R$ 999.999;RRX Multimarcas;99;km;Flex;Santo André, Jardim Utinga
R$ 15.000;Festa rocan 2010 modelo 2011;112.625;km;Flex;São Paulo, Cidade São Mateus
R$ 100.356;Jeep Renegade Limited 20/21 1.8 16v Flex Automático;0;km;Automático;São Paulo, Casa Verde
R$ 50.900;C4 Lounge - excelente - unica dona - 1 ano de garantia (não é Civic Corolla Jetta Cruze);45.000;km;Flex;São Paulo, Barra Funda
R$ 6.500;Santana Quantum GLS 1989;215.000;km;Flex;Carapicuíba, Vila Anunciata
R$ 38.000;Vendo HB20 1.6 Automático Completo!;58.650;km;Flex;Osasco, Continental
R$ 13.300;POLO 2003 SEDAN 1.6 COMPLETO * VENDO TROCO FINANCIO *;120.000;km;Gasolina;São Paulo, São João Clímaco
R$ 38.340;Renault Logan Authentique 1.0 12V SCe (Flex);29.900;km;Flex;São Paulo, Vila Norma
R$ 22.900;Citroen C4 Pallas;101.000;km;Flex;São Paulo, Jabaquara
R$ 25.999;Fox prime 1.6   2011  raridade!!!!;110.000;km;Flex;São Paulo, Instituto de Previdência
R$ 27.890;Fiat Idea 1.6 Essence Dualogic Único dono 2012 prata;79.654;km;Flex;Osasco, Centro
R$ 45.000;Ecosport Titanium automático 2014 2.0;80.000;km;Flex;Itu, Jardim Santa Laura
R$ 27.500;Montana Ls 1.4;63.000;km;Flex;São Paulo, Jardim Vila Carrão
R$ 57.990;Fiat FIORINO evo FURGÃO WORK. HARD 1.4 FLEX 2019;31.005;km;Flex;São Paulo, Vila Regente Feijó
R$ 17.990;Chevrolet Celta LS 1.0 (Flex) 2P Flex Único dono;80.000;km;Flex;São Paulo, Jardim Independência
R$ 48.990;Grand Siena Attractive 1.4 Flex 4P;0;km;Flex;São Paulo, Perdizes
R$ 35.490;Chevrolet Onix 1.0 Joy 2017 2018 zero de entrada;80.000;km;Flex;São Paulo, Vila Regente Feijó
R$ 19.990;J3 1.4 16V 5p Mec.;90.000;km;Gasolina;São Paulo, Jardim Independência
R$ 32.890;Ford Fiesta FIESTA 1.5 16V FLEX MEC. 5P FLEX MANUAL;96.745;km;Flex;São Paulo, Vila Arcádia
R$ 33.200;Peugeot 3008 Allure 1.6 turbo 16V 11/12;73.000;km;Gasolina;Jundiaí, Chácara Planalto
R$ 43.500;ONIX 2019/2019 1.0 MPFI LT 8V FLEX 4P MANUAL;44.691;km;Flex;São Paulo, Vila Leopoldina
R$ 180.990;NISSAN FRONTIER 2.3 16V TURBO DIESEL LE CD 4X4 AUTOM?TICO.;0;km;Diesel;Santo André, Centro
R$ 43.500;FORD KA 2019/2019 1.0 TI-VCT FLEX SE SEDAN MANUAL;46.750;km;Flex;São Paulo, Vila Leopoldina
R$ 67.000;Tiguan 2.0 Tsi 16V 200 Cv Blindado 2015;161.112;km;Gasolina;Itaquaquecetuba, Jardim do Vale
R$ 3.500;PALIO 2005 Azul com multas;125.444;km;Gasolina;Carapicuíba, Centro
R$ 75.900;Volkswagen Virtus 200 TSI Highline (Flex) (Aut) Único Dono !!Garantia de Fabrica!!!;14.080;km;Flex;São Paulo, Campos Elíseos
R$ 13.000;Vendo Vectra gls 2.2 ano 99;217;km;Gasolina;Jundiaí, Tulipas
R$ 43.900;VOLKSWAGEN CROSSFOX 2015/2015 1.6 MSI FLEX 16V 4P MANUAL;63.640;km;Flex;São Caetano do Sul, Cerâmica
R$ 24.500;Idea adv/09 com apenas 105500km;105.500;km;Flex;Mogi das Cruzes, Jardim Santista
R$ 57.900;RENAULT DUSTER 1.6 16V SCE FLEX DYNAMIQUE X-TRONIC.;50.819;km;Flex;São Paulo, Vila Lageado
R$ 7.500;Corsa Wagon;200.000;km;Gasolina;São Paulo, Jardim da Conquista (Zona Leste)
R$ 56.790;VOLKSWAGEN POLO 1.0 MPI TOTAL FLEX MANUAL;0;km;Flex;São Paulo, Vila Hamburguesa
R$ 44.500;CHEVROLET JOY 2019/2020 1.0 SPE4 FLEX MANUAL;42.091;km;Flex;São Paulo, Jardim Independência
R$ 33.900;Fiat Grand Siena  Essence 1.6 16V (Flex) FLEX MANUAL;71.000;km;Flex;Atibaia, Alvinópolis
R$ 13.890;Chevrolet Classic 2006 1.0 Gasolina C/ direção, vidro e trava Preto;130.000;km;Flex;Santo André, Parque Oratório
R$ 52.900;Hyundai Hb20 1.6 Aut Flex;10.230;km;Flex;São Paulo, Vila Talarico
R$ 43.500;FORD KA 2019/2019 1.0 TI-VCT FLEX SE MANUAL;41.554;km;Flex;São Paulo, Jardim Independência
R$ 48.900;A1 2012/2013 1.4 TFSI SPORTBACK ATTRACTION 16V 122CV GASOLINA 4P S-TRONIC;91.000;km;Gasolina;São Paulo, Parque da Mooca
R$ 119.900;Mercedes Sprinter 2.2 CDI Van 415 Longo 16L;183.100;km;Diesel;São Paulo, Vila Califórnia
R$ 50.900;L200 Sport Diesel 2007 Top;128.000;km;Diesel;São Paulo, Parque Esmeralda
R$ 49.900;Boxer 2014 16 lugares;250.000;km;Diesel;São Bernardo do Campo, Demarchi
R$ 24.999;Mitsubishi - Airtrek 2.4 16v 4x4 5p Aut;175.000;km;Gasolina;São Paulo, Campos Elíseos
R$ 49.900;HB20 1.6 confort plus automático único dono com apenas 10.000km;10.400;km;Flex;São Bernardo do Campo, Rudge Ramos
R$ 40.500;ONIX 2019/2019 1.0 MPFI JOY 8V FLEX 4P MANUAL;49.491;km;Flex;Santo André, Parque Jaçatuba
R$ 33.900;FOX 2014/2014 1.6 MI ROCK IN RIO 8V FLEX 4P MANUAL;68.000;km;Flex;Jundiaí, Vila Progresso
R$ 33.990;HB20 2013/2014 1.0 COMFORT 12V FLEX 4P MANUAL;120.000;km;Flex;São Paulo, Perdizes
R$ 28.990;UP 2015/2016 1.0 MPI TAKE UP 12V FLEX 4P MANUAL;82.000;km;Flex;São Paulo, Perdizes
R$ 29.900;LOGAN 2014/2014 1.0 EXPRESSION 16V FLEX 4P MANUAL;120.000;km;Flex;Jundiaí, Vila Progresso
R$ 95.500;Mercedes-Benz Classe C 180 2016 1.6 Turbo Flex 4p;83.000;km;Flex;São Paulo, Jardim Santo Elias
R$ 17.990;Civic Lx 1.7;145.300;km;Gasolina;São Paulo, Jardim Helena
R$ 35.990;Fiat - Mobi Drive 1.0 - 2019 Completo;37.600;km;Flex;São Paulo, Itaim Paulista
R$ 48.900;Ford Fiesta Titanium 1.6 Automático - Vermelho Perolizado;38.900;km;Flex;Santo André, Vila Aquilino
R$ 37.500;Cruze 1.8 Lt. Automatico ;119.000;km;Flex;São Paulo, Vila João Batista
R$ 34.800;I30 CW Top com Teto Solar 2011;81.000;km;Gasolina;Santo André, Parque das Nações
R$ 12.000;Fiesta 2005;18.000;km;Gasolina;São Paulo, Parque São Lucas
R$ 57.990;Mitsubishi Outlander 2.0 4x2 (TETO SOLAR).;75.300;km;Gasolina;São Paulo, Imirim
R$ 60.490;Jeep Renegade RENEGADE LONGITUDE 1.8 4X2 FLEX 16V AUT. FLEX;79.862;km;Flex;São Paulo, Vila Albertina
R$ 67.900;Hyundai ix35 2.0L 16v GLS Base (Flex) (Aut);74.000;km;Flex;São Bernardo do Campo, Centro
R$ 35.800;Mercedes c180 Kompressor 2005;97.000;km;Gasolina;Santo André, Parque das Nações
R$ 39.500;GOL 2019/2019 1.0 12V MPI TOTALFLEX 4P MANUAL;36.890;km;Flex;Jundiaí, Ponte de Campinas
R$ 44.040;ONIX 2019/2019 1.0 MPFI LT 8V FLEX 4P MANUAL;38.673;km;Flex;Jundiaí, Ponte de Campinas
R$ 57.900;FOCUS 2018/2019 2.0 SE FASTBACK 16V FLEX 4P POWERSHIFT;22.350;km;Flex;Jundiaí, Ponte de Campinas
R$ 105.000;Chery Tiggo 5x 1.5 Vvt Turbo Iflex Txs;0;km;Flex;Santo André, Casa Branca
R$ 62.990;Volkswagen Virtus 1.0 200 tsi comfortline automático;54.307;km;Flex;São Paulo, Casa Verde Média
R$ 85.690;Chery Arrizo 5 1.5 Vvt Turbo Iflex Rts;0;km;Flex;Santo André, Casa Branca
R$ 151.900;Chevrolet S10 cabine dupla high cauntry;47.500;km;Diesel;Santo André, Jardim Vila Rica
R$ 30.000;Chevrolet Sonic HB LTZ 1.6<br>Ano/modelo 2012;46.870;km;Flex;São Paulo, Vila da Saúde
R$ 37.000;Onix 2017 ;0;km;Flex;São Paulo, Cambuci
R$ 38.990;Hyundai Hb20s 1.6 Comfort Style 16v;95.028;km;Flex;São Bernardo do Campo, Assunção
R$ 142.990;TORO 2020/2021 2.0 16V TURBO DIESEL VOLCANO 4WD AT9;100;km;Diesel;São Paulo, Vila Regente Feijó
R$ 26.997;CROSSFOX 1.6 Mi Total Flex 8V 5p;97.751;km;Flex;Mogi das Cruzes, Alto Ipiranga
R$ 73.900;EDGE 2014/2014 3.5 V6 GASOLINA LIMITED AWD AUTOMÁTICO;84.000;km;Gasolina;São Paulo, Vila Regente Feijó
R$ 9.890;GM Corsa Sedan;204.000;km;Gasolina;Jundiaí, Caxambu
R$ 159.900;ACCORD 2018/2018 2.0 VTEC TURBO GASOLINA TOURING 10AT;33.000;km;Gasolina;São Paulo, Vila Regente Feijó
R$ 25.997;Fusca;67.774;km;Gasolina;Mogi das Cruzes, Alto Ipiranga
R$ 73.900;Jepp Renegade 1.8 limited automatica, único dono somente 38 mil km, garantia de fabrica;38.900;km;Flex;São Paulo, Imirim
R$ 33.900;Etios 1.3 X flex 4 portas manual, único dono, impecável, com kit multimídia;44.000;km;Flex;São Paulo, Imirim
R$ 49.900;FORD KA SE PLUS 1.0;0;km;Flex;São Bernardo do Campo, Demarchi
R$ 23.900;CHEVROLET CLASSIC 1.0 MPFI LS 8V FLEX 4P MANUAL.;59.115;km;Flex;Diadema, Centro
R$ 41.900;Tucson GLS Automatica;90.000;km;Gasolina;São Paulo, Cidade São Francisco
R$ 36.800;Kia Cerato 1.6 SX2 16v 4p Automático C/ Ar Digital Ótimo Estado;1;km;Gasolina;São Bernardo do Campo, Rudge Ramos
R$ 40.990;Fox Pepper 1.6 Flex Manual 2017 Branco Un Dono 55.000km Veja;70.000;km;Flex;São Bernardo do Campo, Assunção
R$ 25.990;March S 1.6 Flex 16v 2014 Prata Completo Confira !!!;113.059;km;Flex;São Bernardo do Campo, Assunção
R$ 43.500;Prisma Sed. Joy/ LS 1.0 8V FlexPower 4p;39.000;km;Flex;São Paulo, Itaim Paulista
R$ 44.990;Maverick 2.3 Coupe 8v 4 Cilindros 1976 /1976 Vermelha Couro;50.988;km;Gasolina;São Bernardo do Campo, Assunção
R$ 42.490;Outlander 2.0 Automatico 2012 Preta Completo Teto Couro !!;74.715;km;Gasolina;São Bernardo do Campo, Assunção
R$ 37.900;Fiat doblo adventure 1.8 2012;160.000;km;Flex;Guarulhos, Cidade Seródio
R$ 48.800;SpaceFox 2018 1.6;30.000;km;Flex;Santo André, Vila Pires
R$ 20.990;PEUGEOT 207 2011/2012 1.4 XR 8V FLEX 4P MANUAL;110.000;km;Flex;São Bernardo do Campo, Rudge Ramos
R$ 10.000;Trailer 2017 em dia;10.000;km;km;Taboão da Serra, Parque Jacarandá
R$ 17.899;Fiat siena 2012 1.0 mpi fire 8v flex 4p manual;0;km;Flex;Carapicuíba, Parque Jandaia
R$ 14.500;Celta spirit 1.0 flex 2010 - Aceito Troca Maior Valor e Financio Até 48x;168.000;km;Flex;Mogi das Cruzes, Alto Ipiranga
R$ 25.500;Palio Weekend 1.4 Elx Atrative Flex;132.000;km;Flex;Jundiaí, Jardim Merci II
R$ 39.410;Ka Sedan Se Tivct 1.0 4p 2019;46.285;km;Flex;São Paulo, Vila Norma
R$ 75.000;Hrv 2016/2017;39;km;Flex;Guarulhos, Jardim Ponte Alta I
R$ 25.500;March 1.0 S 2014 Completo;72.000;km;Flex;Santo André, Santa Terezinha
R$ 15.900;C-3 2008 1.4 exclusive;139.000;km;Flex;São Paulo, Vila Guilherme
R$ 17.900;207 2011 1.4;95.000;km;Flex;Santo André, Jardim Bela Vista
R$ 52.900;HB20S Premium 1.6 Flex 16V Aut. 4p;87.293;km;Flex;Santo André, Tamanduateí 8
R$ 33.000;Etios Xls 1.5 2014 61.000km;61.000;km;Flex;Santo André, Santa Terezinha
R$ 47.990;Hyundai HB20 1.0 Sense 2021 0km;0;km;Flex;São Paulo, Imirim
R$ 56.900;Volkswagen Jetta 2.0 com Teto Solar;82.000;km;Flex;Carapicuíba, Centro
R$ 119.990;Ford Fusion titanium AWD 2018;21.000;km;Gasolina;Santo André, Jardim
R$ 99.990;Ford 1929 todo original;1.111;km;Gasolina;São Paulo, Chácara Seis de Outubro
R$ 58.000;Onix activ 2019;19.000;km;Flex;São Paulo, Parque Maria Luiza
R$ 51.990;Ford Ecosport 1.5 Ti-vct se Direct;0;km;Flex;São Paulo, Vila Sônia
R$ 21.900;Agile 2010 LTZ 1.4 Completo top de linha pneus novos+som original GM.!!!;140.000;km;Flex;São Paulo, Vila Penteado
R$ 16.900;Fusca 1.300 STD;94.000;km;Gasolina;São Caetano do Sul, Santa Maria
R$ 6.000;Gol quadrado 94;40.000;km;Gasolina;Arujá, Parque Rodrigo Barreto
R$ 59.500;Peugeot 2008 Style;34.000;km;Flex;São Paulo, Butantã
R$ 55.800;Cruze LTZ 1.8 Aut;1;km;Flex;São Paulo, Mooca
R$ 34.999;Ônix Joy 1.0 flex completo;37.000;km;Flex;São Paulo, Vila Brasil
R$ 109.900;Bmw x1 2.0 16v turbo activeflex sdrive20i 4p;70.000;km;Flex;São Paulo, Vila Regente Feijó
R$ 31.990;Citroen  Aircross GLX 1.6 16V. * 2014* 65.000Km. * Único dono *;65.000;km;Flex;São Paulo, Carandiru
R$ 31.900;GOL 2015/2016 1.0 MI TRENDLINE 8V FLEX 4P MANUAL;49.900;km;Flex;São Paulo, Vila Constança
R$ 41.900;NISSAN VERSA 2018/2019 1.0 12V FLEX 4P MANUAL;59.000;km;Flex;São Paulo, Vila Constança
R$ 15.900;Corsa hat maxx 2008;142.000;km;Flex;Franco da Rocha, Centro
R$ 132.990;Bmw 320i 2018 2.0 sport gp 16v turbo active flex 4p automÁtico;69.991;km;Flex;Osasco, Vila Yara
R$ 139.990;Toro Volcano 2.0 0km 2021 aceito troca;0;km;Diesel;Santo André, Casa Branca
R$ 16.700;Celta troca pcx;180.000;km;Flex;São Paulo, Jardim Ponte Rasa
R$ 72.990;Cronos HGT 1.8 at6 flex 19/20;0;km;Flex;São Paulo, Vila Guilherme
R$ 87.790;AUDI Q3 2.0 TFSI Quat. 170/180cv S-tronic 5p;83.000;km;Gasolina;São Paulo, Vila Ivone
R$ 52.000;Honda FIT EX 2016 AUTOMÁTICO ;41.000;km;Flex;São Paulo, Parque Peruche
R$ 78.900;Hyundai Creta 2.0 Prestige;60.000;km;Flex;São Paulo, Imirim
R$ 67.000;Sentra Sv At 2.0 4p 2019 - AR Dh Aut;31.000;km;Flex;Jundiaí, Vila Virgínia
R$ 109.990;TORO 2018/2019 2.0 16V TURBO DIESEL FREEDOM 4WD AT9;25.900;km;Diesel;Atibaia, Atibaia Jardim
R$ 48.900;POLO 2019/2019 1.0 MPI TOTAL FLEX MANUAL;38.420;km;Gasolina;Osasco, Umuarama
R$ 63.870;Kia Optima 2.0 Ex 16v Gasolina 4p Automático 2015;28.000;km;Gasolina;São Paulo, Jardim Aricanduva
R$ 22.900;LOGAN 2012/2013 1.6 EXPRESSION 8V FLEX 4P MANUAL;116.000;km;Flex;São Paulo, Ipiranga
R$ 10.300;Ford ka ano 2005;140.000;km;Gasolina;Santo André, Parque das Nações
R$ 86.999;Jeep Compass 2.0 16v Longitude;54.000;km;Flex;Jundiaí, Vila Loureiro
R$ 23.990;VW Gol, estamos comprando;0;km;Flex;Jundiaí, Vila Santa Maria
R$ 69.500;Mercedes c 180 2013 bx km;60.000;km;Gasolina;São Paulo, Brooklin Paulista
R$ 29.900;Civic LXS 1.8 16V 140CV Câmbio Manual / 2007 + Completíssimo + Couro;169.000;km;Gasolina;São Paulo, Jardim Independência
R$ 47.900;CRUZE 2014/2014 1.8 LT 16V FLEX 4P AUTOMÁTICO;85.000;km;Flex;São Paulo, São Miguel Paulista
R$ 27.900;Fiat Mobi 1.0 8v Evo Easy;36.000;km;Flex;Jundiaí, Vila Rio Branco
R$ 185.000;Ford Mercury Eight 1942 Raríssimo !!;9.999.999;km;Gasolina;São Paulo, Vila Virginia
R$ 30.900;Fiat Palio Attractive 1.0 Evo Completo;90.000;km;Flex;Ribeirão Pires, Santana
R$ 25.900;HONDA FIT 2008 AUT;149.000;km;Gasolina;São Paulo, Jaraguá
R$ 43.500;LOGAN 2019/2020 1.0 12V SCE FLEX EXPRESSION MANUAL;59.810;km;Flex;São Paulo, Vila Guilherme
R$ 89.900;Corolla 2019 Xei 2.0 Flex Automático Completo 4p;26.000;km;Flex;São Paulo, Vila Carrão
R$ 85.000;Compass Longitude 2018;28.000;km;Flex;São Paulo, Mooca
R$ 40.630;SANDERO 2019/2020 1.0 12V SCE FLEX EXPRESSION MANUAL;43.170;km;Flex;Mogi das Cruzes, Vila Lavínia
R$ 26.900;Vendo kombi teto auto ;162.000;km;Gasolina;São Bernardo do Campo, Ferrazópolis
R$ 69.900;Captur;41.699;km;Flex;São Paulo, Jardim Imperador (Zona Leste)
R$ 60.500;VIRTUS 2019/2020 1.6 MSI TOTAL FLEX MANUAL;38.062;km;Flex;São Paulo, Vila Guilherme
R$ 85.900;A3 2017/2018 1.4 TFSI SEDAN ATTRACTION 16V FLEX 4P TIPTRONIC;40.604;km;Flex;São Caetano do Sul, Cerâmica
R$ 18.900;Renault Sandero Privilége 1.6 Hi-Flex - 07/08;100;km;Flex;Diadema, Taboão
R$ 40.040;ONIX 2019/2019 1.0 MPFI JOY 8V FLEX 4P MANUAL;38.299;km;Flex;Mogi das Cruzes, Vila Lavínia
R$ 24.000;Fiat Punto 2011 - 1.8 ;128.000;km;Flex;Poá, Jardim Estela
R$ 21.000;Fiat Uno Attractive Completo 1.4;118.400;km;Flex;São Paulo, Interlagos
R$ 11.000;Celta VHC 2003 1.0;210.000;km;Gasolina;São Caetano do Sul, Santo Antônio
R$ 30.500;March 2016;50;km;Flex;Guarulhos, Parque Continental II
R$ 44.200;FORD KA + 2018/2018 1.5 SIGMA FLEX SE MANUAL;62.200;km;Flex;São Paulo, Santo Amaro
R$ 14.300;Celta life;169.143;km;Flex;São Paulo, Alto da Mooca
R$ 15.900;Ford Ka 2011 Flex;84.000;km;Flex;São Bernardo do Campo, Rudge Ramos
R$ 92.900;CITROEN C4 CACTUS 1.6 THP 100 ANOS E;3.000;km;Flex;Santo André, Tamanduateí 8
R$ 62.900;Jeep Renegade 75 Anos 1.8 4X2 Flex 16V Aut. 2016/2016;100;km;Flex;São Paulo, Saúde
R$ 36.900;HYUNDAI HB20 1.0 COMFORT PLUS 12V;64.000;km;Flex;Santo André, Tamanduateí 8
R$ 40.800;FORD KA + 2018/2018 1.0 TI-VCT FLEX SE MANUAL;59.800;km;Flex;São Paulo, Santo Amaro
R$ 42.000;C4 lounge exclusive thp 1.6 em perfeito estado;130.000;km;Flex;São Paulo, Jardim das Oliveiras
R$ 62.900;Toyota Yares Sedan 1.5 xl Automático Único Dono 24.02;22.020;km;Flex;Mauá, Matriz
R$ 43.500;LOGAN 2019/2020 1.0 12V SCE FLEX EXPRESSION MANUAL;60.560;km;Flex;São Paulo, Vila Guilherme
R$ 37.900;Hyundai Hb20 1.6 Premium 16v;113.804;km;Flex;São Paulo, Pedreira
R$ 142.890;LAND ROVER EVOQUE 2.0 DYNAMIC TECH 4WD * Apenas 63.000 Km *;63.800;km;Gasolina;Santo André, Tamanduateí 8
R$ 44.900;Prisma Ltz 1.4 Automático;45.000;km;Flex;Jundiaí, Vila Agrícola
R$ 23.500;Nissan Tiida sl 2011 ;77.000;km;Flex;Osasco, Santo Antônio
R$ 34.900;Fiat Siena Essence 2016;72.000;km;Flex;São Bernardo do Campo, Demarchi
R$ 38.990;Volkswagen Gol 1.6 Manual 2019;36.000;km;Flex;São Paulo, Imirim
R$ 37.990;Fiat Punto 1.4 Attractive Flex 2017;75.000;km;Flex;São Paulo, Imirim
R$ 35.900;Onix LT 1.4 flex 2015 Completo!! Rodas de liga leve;78.000;km;Flex;São Paulo, Vila Marieta
R$ 12.900;Fiat Siena Fire 8V Cinza - Oferta imperdível - Fernando Justo - Automar;154.525;km;Gasolina;São Bernardo do Campo, Assunção
R$ 29.990;Sandero 1.6 Dynamique Flex 2015;100.000;km;Flex;São Paulo, Imirim
R$ 37.900;Gm.montana ls 2018.*leilão* em ótimo estado*leia a descrição!!!!!;41.709;km;Gasolina;São Paulo, Vila Almeida
R$ 57.900;Ford Focus Titanium;60.000;km;Flex;São Bernardo do Campo, Demarchi
R$ 130.000;BMW 528i M SPORT;80.000;km;Automático;Barueri, Green Valley Alphaville
R$ 7.500;Vectra fls 2.0 ano 97 completo ;203.000;km;Gasolina;São Paulo, Vila Gustavo
R$ 43.000;Veículo;129.000;km;Flex;Diadema, Vila Nogueira
R$ 14.900;Gm/ Classic 2010 Flex!! Direção Hidráulica!! Conservado!!;148.000;km;Flex;São Paulo, Morumbi
R$ 29.000;Palio weekend adventure locker;111.000;km;Flex;São Paulo, Parque Santa Madalena
R$ 38.490;Fiat Uno 1.0 fire flex attractive manual;28.684;km;Flex;São Paulo, Santana
R$ 84.800;KICKS 2018/2019 1.6 16V FLEXSTART SL 4P XTRONIC;16.600;km;Flex;São Paulo, Vila Prudente
R$ 49.000;Peugeot 2008 Allure 1.6 Flex 4P 16v. Aut. 2017;57.248;km;Flex;São Paulo, Instituto de Previdência
R$ 78.899;Ducato Minibus 2.3 ME Diesel;105.000;km;Diesel;São Bernardo do Campo, Rudge Ramos
R$ 19.500;CITROËN C3 2011/2011 1.4 I GLX 8V FLEX 4P MANUAL;85.092;km;Flex;São Paulo, Ipiranga
R$ 58.900;Hyundai HR 2.5 Turbo Diesel - Baixa KM - 12500 de Entrada - IPVA pago - Com Garantia;77.000;km;Diesel;São Paulo, Parque Maria Luiza
R$ 19.900;FORD FOCUS 2006/2007 1.6 GL 8V GASOLINA 4P MANUAL;82.927;km;Gasolina;São Paulo, Brooklin Paulista
R$ 22.000;Sonic 2013 LTZ Aut - Oportunidade;102.800;km;Flex;São Paulo, Jardim Andaraí
R$ 94.800;COROLLA 2016/2017 2.0 XEI 16V FLEX 4P AUTOMÁTICO;39.800;km;Flex;São Paulo, Vila Prudente
R$ 107.890;Mercedes-benz gla 200 - 2014/2015 1.6 cgi vision 16v turbo gasolina;43.000;km;Gasolina;Santo André, Vila Alto de Santo André
R$ 38.600;Fox highline 2016;39.600;km;Flex;São Paulo, Jardim Almeida
R$ 53.890;Corolla XEi 2.0 Flex Automático 2014 Preto;79.988;km;Flex;São Paulo, Vila Olga Cecília
R$ 11.000;Doblo Cargo;100.000;km;Flex;Guarulhos, Jardim Palmira
R$ 19.000;PARATI VOLKSWAGEN PRETO ANO 92 COMPLETA;99.999;km;Gasolina;São Paulo, Jardim Santa Rita
R$ 27.900;Uno Attractive;38.000;km;Flex;Osasco, Aliança
R$ 33.990;Kwid completo 2019;30.000;km;Flex;Taboão da Serra, Jardim Clementino
R$ 52.000;Compass Longitude 2.0 Flex Aut;999.999;km;Gasolina;São Paulo, Vila Sofia
R$ 64.900;Jeep Renegade Sport 1.8 Flex Aut;50.000;km;Flex;São Paulo, Vila Marieta
R$ 2.500;Carro só pra roda / ac troca/ quadriciclo ;460.000;km;Gasolina;São Paulo, Jaraguá
R$ 48.500;Cross Up 2018 Top com 33 mil km;33.200;km;Flex;São Paulo, Catumbi
R$ 25.900;CITROËN C4 1.6 GLX 16V;105.000;km;Flex;São Paulo, Ipiranga
R$ 38.290;Uno Atractive 1.0 Flex 8v;20.490;km;Flex;São Paulo, Vila Leopoldina
R$ 164.900;JEEP COMPASS 2.0 16V FLEX LONGITUDE AUTOMÁTICO;100;km;Flex;São Paulo, Jardim Aricanduva
R$ 329.990;LAND ROVER RANGE ROVER VOGUE 2012/2013 4.4 SE SDV8 4X4 TURBO DIESEL 4P AUTOMÁTICO;67.000;km;Diesel;São Paulo, Jardim das Acácias
R$ 126.990;COMPASS 2020/2020 2.0 16V FLEX LIMITED AUTOMÁTICO;0;km;Flex;São Paulo, Planalto Paulista
R$ 72.890;Corolla 2018 gli;75.000;km;Flex;São Bernardo do Campo, Rudge Ramos
R$ 38.890;Corolla 2009 se-g;142.000;km;Flex;São Bernardo do Campo, Rudge Ramos
R$ 22.899;Ford Fiesta 1.6 Flex Class Sedan 8v - Completo;155.000;km;Flex;São Paulo, Instituto de Previdência
R$ 40.000;Nissan Sentra 2.0 SV 2015;78.000;km;Flex;Jandira, Parque Santa Tereza
R$ 32.990;Chevrolet Onix 1.4 LTZ 2015 c/ MyLink Zero Entrada;117.000;km;Flex;São Paulo, Vila Marieta
R$ 23.890;Volkswagen Blackfox 1.0 Flex 2010 Ùnico Dono;99.000;km;Flex;Osasco, km 18
R$ 69.690;Captur Intense 2.0 - Estado de Zero KM;10.350;km;Flex;São Paulo, Tatuapé
R$ 71.900;Virtus Comfortline 200 Tsi At 1.0 4p 2020;14.000;km;Flex;São Paulo, Vila Carrão
R$ 25.890;Ford Fiesta Sedan 1.6 Flex 2011 Completo Ùnico Dono;99.120;km;Flex;Osasco, km 18
R$ 75.900;Audi A3 Sportback 1.8 T Ambition Completo +Teto Solae Ano 2014;47.000;km;Gasolina;São Paulo, Casa Verde Média
R$ 41.900;Ka Sedan 1.0v  28.300 kms sedan;28.500;km;Flex;São Paulo, Limoeiro
R$ 39.900;Ford Fiesta Titanium Plus com Teto Solar;95.000;km;Flex;Cotia, Jardim Leonor
R$ 7.000;Monza Class;141.000;km;Gasolina;São Paulo, Vila Andrade
R$ 49.000;JAC T40 1018 muito novo;20.400;km;Flex;Guarulhos, Jardim Gracinda
R$ 42.690;Ford Ka 1.0 tivct 2019 / financiado sem entrada sem compravação de renda;30.100;km;Flex;São Paulo, Planalto Paulista
R$ 125.321;Toro Freedom Diesel 4x4 20/21;0;km;Flex;São Paulo, Santana
R$ 79.900;Vw Fusca Tsi 2014 Teto solar Interior caramelo;70.000;km;Gasolina;São Paulo, Chácara Santo Antônio (Zona Leste)
R$ 51.900;FORD EDGE 3.5 V6 SEL AWD 2012 LINDÍSSIMO SEM DETALHES !!!!;131.147;km;Gasolina;São Paulo, Jardim D'Abril
R$ 108.000;Honda Civic Touring 1.5 turbo;69.000;km;Gasolina;São Paulo, Santa Cecília
R$ 34.990;HB20 Confort Style 1.0 Flex;60.700;km;Flex;Santo André, Vila Alzira
R$ 34.900;TOYOTA ETIOS 1.5 XLS SEDAN 16V;83.000;km;Flex;Santo André, Jardim Alzira Franco
R$ 25.800;C4 2011/2012 2.0 GLX PALLAS 16V FLEX 4P AUTOMÁTICO;111.066;km;Flex;São Bernardo do Campo, Centro
R$ 143.990;Mercedes-benz Gla 200 1.6 cgi flex style 7g-dct;40.190;km;Flex;Mauá, Matriz
R$ 78.990;Kicks Sl At 1.6 4p 2018 - AR DH;58.000;km;Flex;São Paulo, Itaim Paulista
R$ 17.000;Carro palio;151.000;km;Flex;Carapicuíba, Jardim Bom Pastor
R$ 38.900;TUCSON 2012/2013 2.0 MPFI GLS 16V 143CV 2WD FLEX 4P AUTOMÁTICO;78.000;km;Flex;Mogi das Cruzes, Centro
R$ 67.900;JETTA 2016/2016 1.4 16V TSI COMFORTLINE GASOLINA 4P TIPTRONIC;58.000;km;Gasolina;Mogi das Cruzes, Centro
R$ 38.900;SANDERO 2018/2019 1.6 16V SCE FLEX EXPRESSION MANUAL;39.198;km;Flex;São Paulo, Jardim Silva Teles
R$ 14.900;Volkswagen Gol plus 1.0 Manual 2004/2005. Financiamos sem Entrada ;173.774;km;Flex;Suzano, Jardim Dona Benta
R$ 45.240;FORD KA 2019/2019 1.0 TI-VCT FLEX SE MANUAL;38.583;km;Flex;São Paulo, Jardim Silva Teles
R$ 25.900;FIAT PUNTO 1.4 ATTRACTIVE ITALIA 8V;170.000;km;Flex;São Paulo, Vila Nova Curuçá
R$ 42.000;Vendas trocas;116;km;Flex;Diadema, Serraria
R$ 12.000;Gol g4 em perfeito  estado ;255.000;km;Flex;Guarulhos, Macedo
R$ 59.200;Carro;69.000;km;Flex;Vargem Grande Paulista
R$ 121.000;Hilux sw4 ;250.000;km;Diesel;Jundiaí, Jardim Cica
R$ 64.899;Vw Golf Variant 1.4 TSi BlueMotion - Perfeito estado belíssima;128.000;km;Gasolina;São Bernardo do Campo, Assunção
R$ 41.890;Prisma Joy 1.0 4p 2019;50.000;km;Flex;São Paulo, Vila Carrão
R$ 48.990;Up Cross TSI turbo 1.0;45.000;km;Flex;Mogi das Cruzes, Vila Lavínia
R$ 20.000;Renault Clio 1.0 16v 2015 2p;80.000;km;Flex;Santo André, Vila Curuçá
R$ 83.000;Renault Captur 1.6 16v Sce Bose;280;km;Flex;Jundiaí, Vila Arens II
R$ 26.900;Fiat linea essence 1.9 aut 2009 baixo km;169.000;km;Flex;São Paulo, Penha de França
R$ 47.900;Prisma LT 1.4 2019 - Excelente;43.700;km;Flex;São Paulo, Vila Carrão
R$ 98.900;JEEP COMPASS 2.0 16V FLEX LONGITUDE AUTOMÁTICO;28.000;km;Flex;São Paulo, Perdizes
R$ 61.000;Citroën c4 Lounge 1.6 Thp Feel Bva;47.000;km;Flex;Jundiaí, Vila Arens II
R$ 78.500;Renegade Longitude 1.8 Aut 2019;43.500;km;Flex;São Paulo, Vila Carrão
R$ 14.900;XSARA PICASSO 2005/2005 2.0 GXS 16V GASOLINA 4P MANUAL;171.256;km;Gasolina;São Paulo, Instituto de Previdência
R$ 18.990;Fiesta 1.6 Flex completo 2008;133.000;km;Flex;São Paulo, Tatuapé
R$ 69.000;Vw amarok 2.0 140 cv 2014;94.000;km;Diesel;São Paulo, Jardim Teresa
R$ 60.000;Jeep Renegade ;59.000;km;Flex;São Paulo, Chácara Califórnia
R$ 37.900;Ford Ka + 1.5 se 16v flex 4p manual;0;km;Flex;São Paulo, Jardim São Pedro
R$ 19.500;FIESTA 2010/2010 1.6 MPI CLASS SEDAN 8V FLEX 4P MANUAL;125.458;km;Flex;São Paulo, Moinho Velho
R$ 44.900;FIAT ARGO 2019/2019 1.0 FIREFLY FLEX DRIVE MANUAL;57.826;km;Flex;São Paulo, Vila Marieta
R$ 38.990;Chevrolet Captiva 2.4 Sfi Ecotec Fwd 16v;86.000;km;Gasolina;São Paulo, Santo Amaro
R$ 128.903;RENEGADE 2020/2021 2.0 16V TURBO DIESEL LONGITUDE 4P 4X4 AUTOMÁTICO;0;km;Diesel;São Paulo, Vila Guilherme
R$ 40.500;ONIX 2019/2019 1.0 MPFI JOY 8V FLEX 4P MANUAL;51.632;km;Flex;São Paulo, Vila Marieta
R$ 41.900;Volkswagen Gol 1.0 MPI (Flex);31.200;km;Flex;São Paulo, Vila Constança
R$ 81.990;Toyota Corolla Xrs 2.0 Automático 2018;71.000;km;Flex;São Paulo, Santo Amaro
R$ 89.990;New cerato 2020 2.0 automatico flex 1.67cv;0;km;Flex;São Bernardo do Campo, Centro
R$ 19.600;Citroen Xsara picasso 1.6 i glx 16v flex 4p manual;0;km;Flex;São Paulo, Jardim São Pedro
R$ 84.990;Jetta highline 2.0 tsi;0;km;Gasolina;Osasco, Vila Yara
R$ 102.600;A3 Sedan Prestige 1.4 Tfsi 2019 - 50.000 km;50.000;km;Flex;Jundiaí, Vila Virgínia
R$ 22.500;Peugeot 307 2.0 presence pack flex tiptronic;74.000;km;Flex;São Paulo, Vila Suzana
R$ 34.999;Lifan 530 Talent 2018 1.5 Vvt 16V 34 Mil Kms R 34.999,00 Ac Trcs Ford Ka Etios;35.000;km;Gasolina;Santo André, Parque das Nações
R$ 37.900;HONDA CITY 1.5 DX 16V MECANICO;102.000;km;Flex;Santo André, Jardim Alzira Franco
R$ 48.160;FIAT ARGO 2019/2020 1.0 FIREFLY FLEX DRIVE MANUAL;39.830;km;Flex;Guarulhos, Macedo
R$ 17.900;Chevrolet corsa sedan maxx 1.4 flex (o mais novo de sp);119.000;km;Flex;São Bernardo do Campo, Assunção
R$ 33.900;Vendo ou Troco Hyundai HB20 1.0 Comfort Style Flex ano 2014 Completo em ótimo Estado;1;km;Flex;São Paulo, Vila Divina Pastora
R$ 75.790;Nissan Kicks Sl 1.6 Flex Cvt 2018 26mil Km;26.000;km;Flex;Santo André, Jardim
R$ 37.990;Argo Drive 1.0 Flex;43.398;km;Flex;São Paulo, Imirim
R$ 5.990;Santana 95 - completo;200.000;km;Gasolina;São Bernardo do Campo, Centro
R$ 44.800;HYUNDAI HB20S 1.0 COMFORT PLUS 12V FLEX 4P MANUAL.;48.513;km;Flex;São Paulo, Vila Andrade
R$ 21.000;Gol GV Trend 2010/2011;92.000;km;Flex;São Paulo, Campos Elíseos
R$ 15.000;Astra elegance 2.0;120;km;Flex;Guarulhos, Picanço
R$ 74.999;AUDI A4 TOP;89.000;km;Flex;Mauá, Jardim Guapituba
R$ 85.900;NISSAN KICKS 1.6 16V FLEXSTART SL 4P XTRONIC.;40.198;km;Flex;São Paulo, Vila Andrade
R$ 56.927;Novo Onix Plus Turbo Ano-Modelo 2021;0;km;Flex;São Paulo, Imirim
R$ 53.990;Prisma Ltz 1.4 At Flex;47.699;km;Flex;São Paulo, Imirim
R$ 51.990;FLUENCE Sed. Dyn. Plus 2.0 16V FLEX Aut.;52.718;km;Flex;São Paulo, Pinheiros
R$ 167.900;MERCEDES-BENZ CLA-250 CLA-250 SPORT 4MATIC 2.0 16V 211CV AUT.;36.030;km;Gasolina;São Paulo, Vila Moinho Velho
R$ 45.000;GM- Cobalt LTZ 1.8 flex AT 2016 Completo!!;89.341;km;Flex;Guarulhos, Jardim Presidente Dutra
R$ 12.990;Palio Weekend HLX 1.8 Flex ano 2007 Branca Completa;0;km;Flex;São Paulo, Vila Almeida
